{"cameraMode":{"drawMode":0,"name":"Shaded","section":"Shading Mode"},"sceneLighting":true,"audioPlay":false,"sceneViewState":{"showFog":true,"showMaterialUpdate":false,"showSkybox":true,"showFlares":true,"showImageEffects":true,"showParticleSystems":true,"showVisualEffectGraphs":true,"m_FxEnabled":true},"in2DMode":false,"pivot":{"x":86.51750183105469,"y":55.95024108886719,"z":116.1292953491211},"rotation":{"x":0.017301568761467935,"y":-0.27184486389160159,"z":0.006111325696110725,"w":0.9623705148696899},"size":346.49041748046877,"orthographic":false}